Phylum,Prevalence_Count,Prevalence_Percent,Mean_Abundance,Min_Abundance,Max_Abundance,Median_Abundance,Std_Abundance
Bacteroidota,294,73.5,0.2734410621154606,0.0,1.0,0.25226581899626693,0.24815543915438168
Bacillota_A,286,71.5,0.23871901414233088,0.0,1.0000000000000002,0.21101953939461432,0.2343581478019192
Bacillota,240,60.0,0.18455515910677747,0.0,1.0,0.11228299148605375,0.22745154261040662
Bacillota_C,152,38.0,0.1031967023488906,0.0,1.0,0.0,0.1845078132629481
Actinomycetota,127,31.75,0.07968517057246297,0.0,1.0,0.0,0.16159213048268434
Pseudomonadota,112,28.000000000000004,0.06096267503838372,0.0,0.8817198130094797,0.0,0.1281693366986398
Spirochaetota,60,15.0,0.02907621314611855,0.0,0.4685669903504023,0.0,0.08233952210838709
Verrucomicrobiota,58,14.499999999999998,0.03036400352957512,0.0,0.75962405386653,0.0,0.09149923172663009
